,RefSoil ID,NCBI ID,Taxon ID,Kingdom,Phylum_x,Class,Order,Family,Genus,Species,Organism,RAST ID,"OTU ID in (Rideout et al., 2014)",Phylum_y,Andisols,Gelisols,Vertisols,Mollisols,Inceptisols,Alfisols,Ultisols,"Sand,Rock,Ice",Entisols
0,RefSoil_2,NC_000963.1,272947,Bacteria,Proteobacteria,Alphaproteobacteria,Rickettsiales,Rickettsiaceae,Rickettsia,Rickettsia prowazekii,Rickettsia prowazekii str. Madrid E,272947.13,112194,Proteobacteria,0,4,262,123,0,0,0,0,0
1,RefSoil_4,"NC_001263.1,NC_001264.1",243230,Bacteria,Deinococcus-Thermus,Deinococci,Deinococcales,Deinococcaceae,Deinococcus,Deinococcus radiodurans,Deinococcus radiodurans R1,"243230.54,243230.53",786067,Deinococcus-Thermus,0,0,0,0,0,0,0,0,0
2,RefSoil_7,NC_002570.2,272558,Bacteria,Firmicutes,Bacilli,Bacillales,Bacillaceae,Bacillus,Bacillus halodurans,Bacillus halodurans C-125,272558.18,1125065,Firmicutes,0,0,2,0,0,17,0,0,0
3,RefSoil_16,NC_002971.3,227377,Bacteria,Proteobacteria,Gammaproteobacteria,Legionellales,Coxiellaceae,Coxiella,Coxiella burnetii,Coxiella burnetii RSA 493,227377.19,New.13.CleanUp.ReferenceOTU30545,Proteobacteria,0,0,0,21,3,0,0,0,0
4,RefSoil_23,NC_003272.1,103690,Bacteria,Cyanobacteria,,Nostocales,Nostocaceae,Nostoc,,Nostoc sp. PCC 7120,103690.28,New.59.CleanUp.ReferenceOTU220271,Cyanobacteria/Chloroplast,0,0,0,2,0,0,0,0,0
5,RefSoil_27,NC_003552.1,188937,Archaea,Euryarchaeota,Methanomicrobia,Methanosarcinales,Methanosarcinaceae,Methanosarcina,Methanosarcina acetivorans,Methanosarcina acetivorans C2A,188937.29,4343902,Euryarchaeota,0,1076,0,0,8,212,0,0,0
6,RefSoil_41,NC_004557.1,212717,Bacteria,Firmicutes,Clostridia,Clostridiales,Clostridiaceae,Clostridium,Clostridium tetani,Clostridium tetani E88,212717.21,2234838,Firmicutes,0,0,0,0,0,0,0,0,0
7,RefSoil_44,NC_004663.1,226186,Bacteria,Bacteroidetes,Bacteroidia,Bacteroidales,Bacteroidaceae,Bacteroides,Bacteroides thetaiotaomicron,Bacteroides thetaiotaomicron VPI-5482,226186.53,3745352,Bacteroidetes,0,0,0,0,0,0,1,0,3
8,RefSoil_46,NC_004757.1,228410,Bacteria,Proteobacteria,Betaproteobacteria,Nitrosomonadales,Nitrosomonadaceae,Nitrosomonas,Nitrosomonas europaea,Nitrosomonas europaea ATCC 19718,228410.12,New.19.CleanUp.ReferenceOTU21714,Proteobacteria,0,0,0,0,0,5,0,0,0
9,RefSoil_47,NC_005085.1,243365,Bacteria,Proteobacteria,Betaproteobacteria,Neisseriales,Chromobacteriaceae,Chromobacterium,Chromobacterium violaceum,Chromobacterium violaceum ATCC 12472,243365.21,New.5.CleanUp.ReferenceOTU257512,Proteobacteria,0,0,0,0,4,5,0,2,0
10,RefSoil_61,NC_006177.1,292459,Bacteria,Firmicutes,Clostridia,Clostridiales,Symbiobacteriaceae,Symbiobacterium,Symbiobacterium thermophilum,Symbiobacterium thermophilum IAM 14863,292459.09999999998,New.19.CleanUp.ReferenceOTU16224,Firmicutes,0,2,0,0,0,2,0,0,0
11,RefSoil_82,NC_007298.1,159087,Bacteria,Proteobacteria,Betaproteobacteria,Rhodocyclales,Rhodocyclaceae,Dechloromonas,Dechloromonas aromatica,Dechloromonas aromatica RCB,159087.13,779751,Proteobacteria,0,0,0,1061,0,0,0,0,0
12,RefSoil_83,NC_007333.1,269800,Bacteria,Actinobacteria,Actinobacteria,Streptosporangiales,Nocardiopsaceae,Thermobifida,Thermobifida fusca,Thermobifida fusca YX,269800.11,New.19.CleanUp.ReferenceOTU8278,Actinobacteria,0,0,0,0,0,6,0,0,0
13,RefSoil_86,NC_007404.1,292415,Bacteria,Proteobacteria,Betaproteobacteria,Hydrogenophilales,Hydrogenophilaceae,Thiobacillus,Thiobacillus denitrificans,Thiobacillus denitrificans ATCC 25259,292415.13,72646,Proteobacteria,0,0,0,8,0,0,0,0,0
14,RefSoil_91,NC_007498.2,338963,Bacteria,Proteobacteria,Deltaproteobacteria,Desulfuromonadales,Pelobacteraceae,Pelobacter,Pelobacter carbinolicus,Pelobacter carbinolicus DSM 2380,338963.13,New.13.CleanUp.ReferenceOTU513670,Proteobacteria,0,0,0,0,0,0,0,0,0
15,RefSoil_92,NC_007508.1,316273,Bacteria,Proteobacteria,Gammaproteobacteria,Xanthomonadales,Xanthomonadaceae,Xanthomonas,Xanthomonas euvesicatoria,Xanthomonas campestris pv. vesicatoria str,316273.15000000002,141976,Proteobacteria,0,0,0,300,0,0,0,0,0
16,RefSoil_94,NC_007512.1,319225,Bacteria,Chlorobi,Chlorobia,Chlorobiales,Chlorobiaceae,Pelodictyon,Pelodictyon luteolum,Chlorobium luteolum DSM 273,319225.14,New.5.CleanUp.ReferenceOTU527489,Chlorobi,0,0,0,0,0,8,0,0,0
17,RefSoil_95,NC_007514.1,340177,Bacteria,Chlorobi,Chlorobia,Chlorobiales,Chlorobiaceae,Chlorobium,Chlorobium chlorochromatii,Chlorobium chlorochromatii CaD3,340177.15,141021,Chlorobi,0,0,0,0,0,65,0,0,0
18,RefSoil_96,NC_007517.1,269799,Bacteria,Proteobacteria,Deltaproteobacteria,Desulfuromonadales,Geobacteraceae,Geobacter,Geobacter metallireducens,Geobacter metallireducens GS-15,269799.15000000002,109573,Proteobacteria,0,0,0,5,0,0,0,0,0
19,RefSoil_100,NC_007614.1,323848,Bacteria,Proteobacteria,Betaproteobacteria,Nitrosomonadales,Nitrosomonadaceae,Nitrosospira,Nitrosospira multiformis,Nitrosospira multiformis ATCC 25196,323848.11,New.59.CleanUp.ReferenceOTU905875,Proteobacteria,0,0,0,2,0,0,0,0,0
20,RefSoil_104,NC_007681.1,339860,Archaea,Euryarchaeota,Methanobacteria,Methanobacteriales,Methanobacteriaceae,Methanosphaera,Methanosphaera stadtmanae,Methanosphaera stadtmanae DSM 3091,339860.23,152466,Euryarchaeota,0,0,0,0,0,0,0,0,0
21,RefSoil_107,NC_007775.1,321327,Bacteria,Cyanobacteria,,Chroococcales,,Synechococcus,,Synechococcus sp. JA-3-3Ab,321327.31,New.28.CleanUp.ReferenceOTU355847,Firmicutes,0,0,0,0,0,0,0,0,0
22,RefSoil_108,NC_007777.1,106370,Bacteria,Actinobacteria,Actinobacteria,Frankiales,Frankiaceae,Frankia,,Frankia sp. CcI3,106370.23,New.59.CleanUp.ReferenceOTU385905,Actinobacteria,0,0,0,2,0,0,0,0,0
23,RefSoil_110,NC_007794.1,279238,Bacteria,Proteobacteria,Alphaproteobacteria,Sphingomonadales,Sphingomonadaceae,Novosphingobium,Novosphingobium aromaticivorans,Novosphingobium aromaticivorans DSM 12444,279238.28000000003,4381473,Proteobacteria,0,0,319,1794,0,107,0,0,0
24,RefSoil_116,NC_007948.1,296591,Bacteria,Proteobacteria,Betaproteobacteria,Burkholderiales,Comamonadaceae,Polaromonas,,Polaromonas sp. JS666,296591.19,350563,Proteobacteria,0,0,16,1682,1,0,0,1,4
25,RefSoil_118,NC_007963.1,290398,Bacteria,Proteobacteria,Gammaproteobacteria,Oceanospirillales,Halomonadaceae,Chromohalobacter,Chromohalobacter salexigens,Chromohalobacter salexigens DSM 3043,290398.2,108433,Proteobacteria,0,0,0,0,0,0,0,0,0
26,RefSoil_121,NC_007973.1,266264,Bacteria,Proteobacteria,Betaproteobacteria,Burkholderiales,Burkholderiaceae,Cupriavidus,Cupriavidus metallidurans,Cupriavidus metallidurans CH34,266264.31,4369229,Proteobacteria,0,14,0,3,1,11,0,0,0
27,RefSoil_122,NC_008009.1,204669,Bacteria,Acidobacteria,Acidobacteriia,Acidobacteriales,Acidobacteriaceae,Candidatus Koribacter,Candidatus Koribacter versatilis,Candidatus Koribacter versatilis Ellin345,204669.18,New.59.CleanUp.ReferenceOTU14056,Acidobacteria,0,0,0,3,0,0,0,0,0
28,RefSoil_130,NC_008254.1,266779,Bacteria,Proteobacteria,Alphaproteobacteria,Rhizobiales,Phyllobacteriaceae,Chelativorans,,Chelativorans sp. BNC1,266779.15000000002,New.42.CleanUp.ReferenceOTU91488,Proteobacteria,0,0,0,0,0,0,0,0,2
29,RefSoil_131,NC_008255.1,269798,Bacteria,Bacteroidetes,Cytophagia,Cytophagales,Cytophagaceae,Cytophaga,Cytophaga hutchinsonii,Cytophaga hutchinsonii ATCC 33406,269798.24,New.59.CleanUp.ReferenceOTU785688,Bacteroidetes,0,0,0,2,0,0,0,0,0
30,RefSoil_141,NC_008497.1,387344,Bacteria,Firmicutes,Bacilli,Lactobacillales,Lactobacillaceae,Lactobacillus,Lactobacillus brevis,Lactobacillus brevis ATCC 367,387344.25,4431608,Firmicutes,0,0,0,0,0,0,0,0,0
31,RefSoil_144,NC_008536.1,234267,Bacteria,Acidobacteria,Solibacteres,Solibacterales,Solibacteraceae,Candidatus Solibacter,Candidatus Solibacter usitatus,Candidatus Solibacter usitatus Ellin6076,234267.25,New.59.CleanUp.ReferenceOTU792497,Acidobacteria,0,0,0,17,0,0,0,0,0
32,RefSoil_147,NC_008593.1,386415,Bacteria,Firmicutes,Clostridia,Clostridiales,Clostridiaceae,Clostridium,Clostridium novyi,Clostridium novyi NT,386415.14,New.9.CleanUp.ReferenceOTU182843,Firmicutes,0,0,0,0,0,0,0,0,0
33,RefSoil_149,NC_008609.1,338966,Bacteria,Proteobacteria,Deltaproteobacteria,Desulfuromonadales,Pelobacteraceae,Pelobacter,Pelobacter propionicus,Pelobacter propionicus DSM 2379,338966.14,4444550,Proteobacteria,0,0,0,6192,0,0,0,0,0
34,RefSoil_151,NC_008699.1,196162,Bacteria,Actinobacteria,Actinobacteria,Propionibacteriales,Nocardioidaceae,Nocardioides,,Nocardioides sp. JS614,196162.19,4437318,Actinobacteria,0,0,334,93,0,26,0,0,0
35,RefSoil_152,NC_008700.1,326297,Bacteria,Proteobacteria,Gammaproteobacteria,Alteromonadales,Shewanellaceae,Shewanella,Shewanella amazonensis,Shewanella amazonensis SB2B,326297.15999999997,3505032,Proteobacteria,0,11,0,0,0,0,0,0,0
36,RefSoil_156,NC_008711.1,290340,Bacteria,Actinobacteria,Actinobacteria,Micrococcales,Micrococcaceae,Paenarthrobacter,Paenarthrobacter aurescens,Arthrobacter aurescens TC1,290340.3,4318815,Actinobacteria,0,0,120,1343,0,403,0,0,0
37,RefSoil_157,NC_008740.1,351348,Bacteria,Proteobacteria,Gammaproteobacteria,Alteromonadales,Alteromonadaceae,Marinobacter,Marinobacter hydrocarbonoclasticus,Marinobacter hydrocarbonoclasticus VT8,351348.16,4119088,Proteobacteria,0,0,0,0,0,0,0,0,0
38,RefSoil_159,NC_008781.1,365044,Bacteria,Proteobacteria,Betaproteobacteria,Burkholderiales,Comamonadaceae,Polaromonas,Polaromonas naphthalenivorans,Polaromonas naphthalenivorans CJ2,365044.31,4395995,Proteobacteria,0,0,99,390,1,0,3,12,1
39,RefSoil_163,NC_008825.1,420662,Bacteria,Proteobacteria,Betaproteobacteria,Burkholderiales,,Methylibium,Methylibium petroleiphilum,Methylibium petroleiphilum PM1,420662.21,781055,Proteobacteria,0,9,13,138,0,3,0,0,0
40,RefSoil_171,NC_009328.1,420246,Bacteria,Firmicutes,Bacilli,Bacillales,Bacillaceae,Geobacillus,Geobacillus thermodenitrificans,Geobacillus thermodenitrificans NG80-2,420246.14,New.19.CleanUp.ReferenceOTU3126,Firmicutes,0,0,0,6,0,2,0,0,0
41,RefSoil_175,NC_009428.1,349102,Bacteria,Proteobacteria,Alphaproteobacteria,Rhodobacterales,Rhodobacteraceae,Rhodobacter,Rhodobacter sphaeroides,Rhodobacter sphaeroides ATCC 17025,349102.18,238148,Proteobacteria,0,3,0,5,0,0,0,0,0
42,RefSoil_180,NC_009441.1,376686,Bacteria,Bacteroidetes,Flavobacteriia,Flavobacteriales,Flavobacteriaceae,Flavobacterium,Flavobacterium johnsoniae,Flavobacterium johnsoniae UW101,376686.25,264229,Bacteroidetes,0,0,9,8576,0,2,0,0,0
43,RefSoil_183,NC_009464.1,351160,Archaea,Euryarchaeota,Methanomicrobia,Methanocellales,Methanocellaceae,Methanocella,Methanocella arvoryzae,Methanocella arvoryzae MRE50,351160.14,233066,Euryarchaeota,0,0,0,0,0,31,0,0,0
44,RefSoil_184,NC_009480.1,443906,Bacteria,Actinobacteria,Actinobacteria,Micrococcales,Microbacteriaceae,Clavibacter,Clavibacter michiganensis,Clavibacter michiganensis subsp. michiganensi,443906.37,New.59.CleanUp.ReferenceOTU1260109,Actinobacteria,0,0,0,3,0,0,0,0,0
45,RefSoil_189,NC_009511.1,392499,Bacteria,Proteobacteria,Alphaproteobacteria,Sphingomonadales,Sphingomonadaceae,Sphingomonas,Sphingomonas wittichii,Sphingomonas wittichii RW1,392499.33,New.59.CleanUp.ReferenceOTU1055532,Proteobacteria,0,0,0,7,0,0,0,0,0
46,RefSoil_191,NC_009515.1,420247,Archaea,Euryarchaeota,Methanobacteria,Methanobacteriales,Methanobacteriaceae,Methanobrevibacter,Methanobrevibacter smithii,Methanobrevibacter smithii ATCC 35061,420247.34,849440,Euryarchaeota,0,0,0,0,0,0,0,0,0
47,RefSoil_192,NC_009524.1,349106,Bacteria,Proteobacteria,Gammaproteobacteria,Pseudomonadales,Moraxellaceae,Psychrobacter,,Psychrobacter sp. PRwf-1,349106.14,4295725,Proteobacteria,0,0,0,0,0,0,0,0,0
48,RefSoil_196,NC_009654.1,400668,Bacteria,Proteobacteria,Gammaproteobacteria,Oceanospirillales,Oceanospirillaceae,Marinomonas,,Marinomonas sp. MWYL1,400668.12,3691753,Proteobacteria,0,0,0,0,0,0,0,0,0
49,RefSoil_197,NC_009659.1,375286,Bacteria,Proteobacteria,Betaproteobacteria,Burkholderiales,Oxalobacteraceae,Janthinobacterium,,Janthinobacterium sp. Marseille,375286.14,537961,Proteobacteria,2,0,3,440,0,5,0,0,0
50,RefSoil_198,NC_009664.2,266940,Bacteria,Actinobacteria,Actinobacteria,Kineosporiales,Kineosporiaceae,Kineococcus,Kineococcus radiotolerans,Kineococcus radiotolerans SRS30216,266940.21999999997,240451,Actinobacteria,0,0,107,552,0,4,0,0,0
51,RefSoil_201,NC_009675.1,404589,Bacteria,Proteobacteria,Deltaproteobacteria,Myxococcales,Anaeromyxobacteraceae,Anaeromyxobacter,,Anaeromyxobacter sp. Fw109-5,404589.15,New.7.CleanUp.ReferenceOTU173727,Proteobacteria,0,0,3,0,2,0,0,0,0
52,RefSoil_204,NC_009712.1,456442,Archaea,Euryarchaeota,Methanomicrobia,Methanomicrobiales,Methanoregulaceae,Methanoregula,Methanoregula boonei,Methanoregula boonei 6A8,456442.26,New.5.CleanUp.ReferenceOTU93334,Euryarchaeota,0,0,0,0,0,4,0,0,0
53,RefSoil_206,NC_009720.1,78245,Bacteria,Proteobacteria,Alphaproteobacteria,Rhizobiales,Xanthobacteraceae,Xanthobacter,Xanthobacter autotrophicus,Xanthobacter autotrophicus Py2,78245.179999999993,New.59.CleanUp.ReferenceOTU512154,Proteobacteria,0,0,0,2,0,0,0,0,0
54,RefSoil_211,NC_009848.2,315750,Bacteria,Firmicutes,Bacilli,Bacillales,Bacillaceae,Bacillus,Bacillus pumilus,Bacillus pumilus SAFR-032,315750.19,4477551,Firmicutes,0,0,27,41,0,17,0,0,0
55,RefSoil_212,NC_009943.1,96561,Bacteria,Proteobacteria,Deltaproteobacteria,Desulfobacterales,Desulfobacteraceae,Desulfococcus,Desulfococcus oleovorans,Desulfococcus oleovorans Hxd3,96561.1,257496,Proteobacteria,0,0,0,0,0,8,0,0,0
56,RefSoil_214,NC_010001.1,357809,Bacteria,Firmicutes,Clostridia,Clostridiales,Lachnospiraceae,Lachnoclostridium,Lachnoclostridium phytofermentans,Lachnoclostridium phytofermentans ISDg,357809.2,159911,Firmicutes,0,0,0,0,0,0,0,0,0
57,RefSoil_218,NC_010162.1,448385,Bacteria,Proteobacteria,Deltaproteobacteria,Myxococcales,Polyangiaceae,Sorangium,Sorangium cellulosum,Sorangium cellulosum So ce56,448385.27,New.7.CleanUp.ReferenceOTU119570,Proteobacteria,80,0,276,6,0,0,0,0,2
58,RefSoil_230,NC_010338.1,366602,Bacteria,Proteobacteria,Alphaproteobacteria,Caulobacterales,Caulobacteraceae,Caulobacter,,Caulobacter sp. K31,366602.12,161154,Proteobacteria,0,0,897,6944,0,2,0,0,0
59,RefSoil_236,NC_010505.1,426355,Bacteria,Proteobacteria,Alphaproteobacteria,Rhizobiales,Methylobacteriaceae,Methylobacterium,Methylobacterium radiotolerans,Methylobacterium radiotolerans JCM 2831,426355.36,572586,Proteobacteria,0,0,0,4,0,0,0,0,0
60,RefSoil_238,NC_010511.1,426117,Bacteria,Proteobacteria,Alphaproteobacteria,Rhizobiales,Methylobacteriaceae,Methylobacterium,,Methylobacterium sp. 4-46,426117.13,89412,Proteobacteria,11,0,0,0,0,0,0,0,0
61,RefSoil_241,NC_010524.1,395495,Bacteria,Proteobacteria,Betaproteobacteria,Burkholderiales,,Leptothrix,Leptothrix cholodnii,Leptothrix cholodnii SP-6,395495.9,1855596,Proteobacteria,0,0,15,2691,0,0,0,0,0
62,RefSoil_246,NC_010571.1,452637,Bacteria,Verrucomicrobia,Opitutae,Opitutales,Opitutaceae,Opitutus,Opitutus terrae,Opitutus terrae PB90-1,452637.14,New.59.CleanUp.ReferenceOTU403605,Verrucomicrobia,0,0,0,14,0,0,0,0,0
63,RefSoil_249,NC_010581.1,395963,Bacteria,Proteobacteria,Alphaproteobacteria,Rhizobiales,Beijerinckiaceae,Beijerinckia,Beijerinckia indica,Beijerinckia indica subsp. indica ATCC 9039,395963.2,New.5.CleanUp.ReferenceOTU370784,Proteobacteria,0,0,0,5,0,0,0,0,0
64,RefSoil_251,NC_010617.1,378753,Bacteria,Actinobacteria,Actinobacteria,Micrococcales,Micrococcaceae,Kocuria,Kocuria rhizophila,Kocuria rhizophila DC2201,378753.14,271644,Actinobacteria,2,5,0,0,1,0,0,0,2
65,RefSoil_253,NC_010628.1,63737,Bacteria,Cyanobacteria,,Nostocales,Nostocaceae,Nostoc,Nostoc punctiforme,Nostoc punctiforme PCC 73102,63737.27,New.59.CleanUp.ReferenceOTU1396002,Cyanobacteria/Chloroplast,0,0,0,3,0,0,0,0,0
66,RefSoil_263,NC_010814.1,398767,Bacteria,Proteobacteria,Deltaproteobacteria,Desulfuromonadales,Geobacteraceae,Geobacter,Geobacter lovleyi,Geobacter lovleyi SZ,398767.11,1143602,Proteobacteria,0,0,0,2,0,0,0,0,0
67,RefSoil_267,NC_010995.1,498211,Bacteria,Proteobacteria,Gammaproteobacteria,Cellvibrionales,Cellvibrionaceae,Cellvibrio,Cellvibrio japonicus,Cellvibrio japonicus Ueda107,498211.12,New.19.CleanUp.ReferenceOTU36857,Proteobacteria,0,0,0,0,0,2,0,0,0
68,RefSoil_269,NC_011071.1,391008,Bacteria,Proteobacteria,Gammaproteobacteria,Xanthomonadales,Xanthomonadaceae,Stenotrophomonas,Stenotrophomonas maltophilia,Stenotrophomonas maltophilia R551-3,391008.14,635524,Proteobacteria,0,0,2,2151,0,3,0,0,0
69,RefSoil_277,NC_011365.1,272568,Bacteria,Proteobacteria,Alphaproteobacteria,Rhodospirillales,Acetobacteraceae,Gluconacetobacter,Gluconacetobacter diazotrophicus,Gluconacetobacter diazotrophicus PA1 5,272568.3,New.42.CleanUp.ReferenceOTU25644,Proteobacteria,0,0,0,0,0,0,2,0,1
70,RefSoil_281,NC_011662.2,85643,Bacteria,Proteobacteria,Betaproteobacteria,Rhodocyclales,Rhodocyclaceae,Thauera,,Thauera sp. MZ1T,85643.12,4464495,Proteobacteria,0,0,3,113,0,3,0,0,0
71,RefSoil_282,NC_011666.1,395965,Bacteria,Proteobacteria,Alphaproteobacteria,Rhizobiales,Beijerinckiaceae,Methylocella,Methylocella silvestris,Methylocella silvestris BL2,395965.15,New.59.CleanUp.ReferenceOTU1385911,Proteobacteria,0,0,0,97,0,0,0,0,0
72,RefSoil_285,NC_011729.1,65393,Bacteria,Cyanobacteria,,Chroococcales,,Cyanothece,,Cyanothece sp. PCC 7424,65393.21,New.33.CleanUp.ReferenceOTU25588,Cyanobacteria/Chloroplast,0,0,0,0,0,2,0,0,0
73,RefSoil_288,NC_011769.1,883,Bacteria,Proteobacteria,Deltaproteobacteria,Desulfovibrionales,Desulfovibrionaceae,Desulfovibrio,Desulfovibrio vulgaris,Desulfovibrio vulgaris str. 'Miyazaki F',883.12,3203828,Proteobacteria,0,0,0,0,0,0,0,0,0
74,RefSoil_293,NC_011832.1,521011,Archaea,Euryarchaeota,Methanomicrobia,Methanomicrobiales,Methanoregulaceae,Methanosphaerula,Methanosphaerula palustris,Methanosphaerula palustris E1-9c,521011.15,549891,Euryarchaeota,0,35,0,0,11,0,0,0,0
75,RefSoil_296,NC_011884.1,395961,Bacteria,Cyanobacteria,,Chroococcales,,Cyanothece,,Cyanothece sp. PCC 7425,395961.18,519568,Cyanobacteria/Chloroplast,0,0,0,0,0,0,0,0,0
76,RefSoil_300,NC_011898.1,394503,Bacteria,Firmicutes,Clostridia,Clostridiales,Ruminococcaceae,Ruminiclostridium,[Clostridium] cellulolyticum,[Clostridium] cellulolyticum H10,394503.2,15960,Firmicutes,0,0,8,6,0,2,0,0,0
77,RefSoil_303,NC_011979.1,316067,Bacteria,Proteobacteria,Deltaproteobacteria,Desulfuromonadales,Geobacteraceae,Geobacter,Geobacter daltonii,Geobacter daltonii FRC-32,316067.8,284868,Proteobacteria,0,0,7,31,0,0,0,0,0
78,RefSoil_308,NC_012039.1,306263,Bacteria,Proteobacteria,Epsilonproteobacteria,Campylobacterales,Campylobacteraceae,Campylobacter,Campylobacter lari,Campylobacter lari RM2100,306263.13,New.45.CleanUp.ReferenceOTU89862,Proteobacteria,0,0,0,0,0,0,1,0,0
79,RefSoil_311,NC_012438.1,204536,Bacteria,Aquificae,Aquificae,Aquificales,Hydrogenothermaceae,Sulfurihydrogenibium,Sulfurihydrogenibium azorense,Sulfurihydrogenibium azorense Az-Fu1,204536.9,111129,Aquificae,0,0,0,0,0,12,0,0,0
80,RefSoil_315,NC_012489.1,379066,Bacteria,Gemmatimonadetes,Gemmatimonadetes,Gemmatimonadales,Gemmatimonadaceae,Gemmatimonas,Gemmatimonas aurantiaca,Gemmatimonas aurantiaca T-27,379066.13,New.59.CleanUp.ReferenceOTU1221851,Gemmatimonadetes,0,0,0,5,0,0,0,0,0
81,RefSoil_316,NC_012491.1,358681,Bacteria,Firmicutes,Bacilli,Bacillales,Paenibacillaceae,Brevibacillus,Brevibacillus brevis,Brevibacillus brevis NBRC 100599,358681.15,New.52.CleanUp.ReferenceOTU27360,Firmicutes,0,0,0,0,0,0,0,0,0
82,RefSoil_318,NC_012526.1,546414,Bacteria,Deinococcus-Thermus,Deinococci,Deinococcales,Deinococcaceae,Deinococcus,Deinococcus deserti,Deinococcus deserti VCD115,546414.9,4328482,Deinococcus-Thermus,0,0,0,0,0,0,0,0,7
83,RefSoil_325,NC_012669.1,471853,Bacteria,Actinobacteria,Actinobacteria,Micrococcales,Beutenbergiaceae,Beutenbergia,Beutenbergia cavernae,Beutenbergia cavernae DSM 12333,471853.16,New.59.CleanUp.ReferenceOTU874861,Actinobacteria,0,0,0,2,0,0,0,0,0
84,RefSoil_326,NC_012673.1,360911,Bacteria,Firmicutes,Bacilli,Bacillales,,Exiguobacterium,,Exiguobacterium sp. AT1b,360911.15,4480598,Firmicutes,0,0,0,0,0,0,0,0,0
85,RefSoil_330,NC_012778.1,515620,Bacteria,Firmicutes,Clostridia,Clostridiales,Eubacteriaceae,Eubacterium,[Eubacterium] eligens,[Eubacterium] eligens ATCC 27750,515620.11,316732,Firmicutes,0,0,0,0,0,0,1,0,1
86,RefSoil_332,NC_012796.1,573370,Bacteria,Proteobacteria,Deltaproteobacteria,Desulfovibrionales,Desulfovibrionaceae,Desulfovibrio,Desulfovibrio magneticus,Desulfovibrio magneticus RS-1,573370.18999999994,831352,Proteobacteria,0,0,0,0,0,0,0,0,0
87,RefSoil_333,NC_012803.1,465515,Bacteria,Actinobacteria,Actinobacteria,Micrococcales,Micrococcaceae,Micrococcus,Micrococcus luteus,Micrococcus luteus NCTC 2665,465515.32,4422405,Actinobacteria,0,0,0,97,0,0,0,0,0
88,RefSoil_336,NC_012881.1,526222,Bacteria,Proteobacteria,Deltaproteobacteria,Desulfovibrionales,Desulfovibrionaceae,Desulfovibrio,Desulfovibrio salexigens,Desulfovibrio salexigens DSM 2638,526222.12,4308446,Proteobacteria,0,0,0,0,0,0,0,0,0
89,RefSoil_337,NC_012917.1,561230,Bacteria,Proteobacteria,Gammaproteobacteria,Enterobacteriales,Enterobacteriaceae,Pectobacterium,Pectobacterium carotovorum,Pectobacterium carotovorum subsp. carotovoru,561230.21,274365,Proteobacteria,0,0,25,1629,0,0,0,0,0
90,RefSoil_343,NC_013016.1,662598,Bacteria,Proteobacteria,Betaproteobacteria,Neisseriales,Neisseriaceae,Neisseria,Neisseria meningitidis,Neisseria meningitidis alpha14,662598.14,308848,Proteobacteria,0,0,0,14,0,0,0,0,0
91,RefSoil_344,NC_013061.1,485917,Bacteria,Bacteroidetes,Sphingobacteriia,Sphingobacteriales,Sphingobacteriaceae,Pedobacter,Pedobacter heparinus,Pedobacter heparinus DSM 2366,485917.14,New.53.CleanUp.ReferenceOTU131085,Bacteroidetes,0,0,0,379,0,0,0,0,0
92,RefSoil_345,NC_013062.1,531844,Bacteria,Bacteroidetes,Flavobacteriia,Flavobacteriales,Flavobacteriaceae,,,Flavobacteriaceae bacterium 3519-10,531844.12,102388,Bacteroidetes,0,0,0,580,0,0,0,0,0
93,RefSoil_348,NC_013131.1,479433,Bacteria,Actinobacteria,Actinobacteria,Catenulisporales,Catenulisporaceae,Catenulispora,Catenulispora acidiphila,Catenulispora acidiphila DSM 44928,479433.15,New.59.CleanUp.ReferenceOTU733275,Actinobacteria,0,0,0,2,0,0,0,0,0
94,RefSoil_349,NC_013132.1,485918,Bacteria,Bacteroidetes,Sphingobacteriia,Sphingobacteriales,Chitinophagaceae,Chitinophaga,Chitinophaga pinensis,Chitinophaga pinensis DSM 2588,485918.14,New.52.CleanUp.ReferenceOTU8235,Bacteroidetes,0,0,0,0,0,0,0,0,0
95,RefSoil_350,NC_013159.1,471857,Bacteria,Actinobacteria,Actinobacteria,Pseudonocardiales,Pseudonocardiaceae,Saccharomonospora,Saccharomonospora viridis,Saccharomonospora viridis DSM 43017,471857.13,13024,Actinobacteria,0,0,0,0,0,47,0,0,0
96,RefSoil_352,NC_013173.1,525897,Bacteria,Proteobacteria,Deltaproteobacteria,Desulfovibrionales,Desulfomicrobiaceae,Desulfomicrobium,Desulfomicrobium baculatum,Desulfomicrobium baculatum DSM 4028,525897.11,10418,Proteobacteria,0,0,0,0,0,2,0,0,0
97,RefSoil_353,NC_013194.1,522306,Bacteria,Proteobacteria,Betaproteobacteria,,,Candidatus Accumulibacter,Candidatus Accumulibacter phosphatis,Candidatus Accumulibacter phosphatis clade II,522306.32,New.59.CleanUp.ReferenceOTU602796,Proteobacteria,0,0,0,7,0,0,0,0,0
98,RefSoil_357,NC_013421.1,561231,Bacteria,Proteobacteria,Gammaproteobacteria,Enterobacteriales,Enterobacteriaceae,Pectobacterium,Pectobacterium wasabiae,Pectobacterium wasabiae WPP163,561231.14,4364469,Proteobacteria,0,0,0,0,0,0,0,0,0
99,RefSoil_358,NC_013446.2,688245,Bacteria,Proteobacteria,Betaproteobacteria,Burkholderiales,Comamonadaceae,Comamonas,Comamonas testosteroni,Comamonas testosteroni CNB-2,688245.25,576010,Proteobacteria,6,2,0,123,0,0,0,2,0
100,RefSoil_359,NC_013510.1,471852,Bacteria,Actinobacteria,Actinobacteria,Streptosporangiales,Thermomonosporaceae,Thermomonospora,Thermomonospora curvata,Thermomonospora curvata DSM 43183,471852.14,New.19.CleanUp.ReferenceOTU38993,Actinobacteria,0,0,0,0,0,3,0,0,0
101,RefSoil_361,"NC_013525.1,NC_013526.1",525904,Bacteria,,,,,Thermobaculum,Thermobaculum terrenum,Thermobaculum terrenum ATCC BAA-798,"525904.13,525904.14",New.59.CleanUp.ReferenceOTU1691644,Synergistetes,0,0,0,2,0,0,0,0,0
102,RefSoil_362,NC_013530.1,446471,Bacteria,Actinobacteria,Actinobacteria,Micrococcales,Promicromonosporaceae,Xylanimonas,Xylanimonas cellulosilytica,Xylanimonas cellulosilytica DSM 15894,446471.12,New.7.CleanUp.ReferenceOTU66593,Actinobacteria,0,0,2,2,0,0,0,0,0
103,RefSoil_365,NC_013595.1,479432,Bacteria,Actinobacteria,Actinobacteria,Streptosporangiales,Streptosporangiaceae,Streptosporangium,Streptosporangium roseum,Streptosporangium roseum DSM 43021,479432.12,New.59.CleanUp.ReferenceOTU1505721,Actinobacteria,0,0,0,2,0,0,0,0,0
104,RefSoil_366,NC_013722.1,380358,Bacteria,Proteobacteria,Gammaproteobacteria,Xanthomonadales,Xanthomonadaceae,Xanthomonas,Xanthomonas albilineans,Xanthomonas albilineans GPE PC73,380358.9,338929,Proteobacteria,0,0,28,578,0,4,0,0,0
105,RefSoil_367,NC_013729.1,479435,Bacteria,Actinobacteria,Actinobacteria,Propionibacteriales,Nocardioidaceae,Kribbella,Kribbella flavida,Kribbella flavida DSM 17836,479435.1,New.59.CleanUp.ReferenceOTU1407014,Actinobacteria,0,0,0,2,0,0,0,0,0
106,RefSoil_371,NC_013791.2,398511,Bacteria,Firmicutes,Bacilli,Bacillales,Bacillaceae,Bacillus,Bacillus pseudofirmus,Bacillus pseudofirmus OF4,398511.15,830475,Firmicutes,0,0,0,5,0,0,0,0,0
107,RefSoil_373,NC_013854.1,137722,Bacteria,Proteobacteria,Alphaproteobacteria,Rhodospirillales,Rhodospirillaceae,Azospirillum,Azospirillum lipoferum,Azospirillum sp. B510,137722.15,New.36.CleanUp.ReferenceOTU478948,Proteobacteria,0,0,0,0,0,0,0,0,0
108,RefSoil_379,NC_013929.1,680198,Bacteria,Actinobacteria,Actinobacteria,Streptomycetales,Streptomycetaceae,Streptomyces,Streptomyces scabiei,Streptomyces scabiei 87.22,680198.28,New.59.CleanUp.ReferenceOTU1069293,Actinobacteria,0,0,0,2,0,0,0,0,0
109,RefSoil_381,NC_013943.1,522772,Bacteria,Deferribacteres,Deferribacteres,Deferribacterales,Deferribacteraceae,Denitrovibrio,Denitrovibrio acetiphilus,Denitrovibrio acetiphilus DSM 12809,522772.11,3201462,Deferribacteres,0,0,0,0,0,0,0,0,0
110,RefSoil_382,NC_013947.1,446470,Bacteria,Actinobacteria,Actinobacteria,Glycomycetales,Glycomycetaceae,Stackebrandtia,Stackebrandtia nassauensis,Stackebrandtia nassauensis DSM 44728,446470.11,4477120,Actinobacteria,63,0,18,0,0,2,0,0,0
111,RefSoil_384,NC_013967.1,309800,Archaea,Euryarchaeota,Halobacteria,Haloferacales,Haloferacaceae,Haloferax,Haloferax volcanii,Haloferax volcanii DS2,309800.34999999998,616997,Euryarchaeota,0,0,0,0,0,6,0,0,0
112,RefSoil_388,"NC_014006.1,NC_014013.1",452662,Bacteria,Proteobacteria,Alphaproteobacteria,Sphingomonadales,Sphingomonadaceae,Sphingobium,Sphingobium japonicum,Sphingobium japonicum UT26S,"452662.28,452662.27",New.59.CleanUp.ReferenceOTU1399481,Proteobacteria,0,0,0,2,0,0,0,0,0
113,RefSoil_391,NC_014100.1,509190,Bacteria,Proteobacteria,Alphaproteobacteria,Caulobacterales,Caulobacteraceae,Caulobacter,Caulobacter segnis,Caulobacter segnis ATCC 21756,509190.1,811257,Proteobacteria,472,23,383,5039,10,17,9,107,65
114,RefSoil_393,"NC_014117.1,NC_014118.1,NC_014119.1",640511,Bacteria,Proteobacteria,Betaproteobacteria,Burkholderiales,Burkholderiaceae,Burkholderia,,Burkholderia sp. CCGE1002,"640511.29,640511.28,640511.27",698496,Proteobacteria,0,0,4,1187,2,3,0,0,0
115,RefSoil_396,NC_014151.1,446466,Bacteria,Actinobacteria,Actinobacteria,Micrococcales,Cellulomonadaceae,Cellulomonas,Cellulomonas flavigena,Cellulomonas flavigena DSM 20109,446466.12,788268,Actinobacteria,7,0,156,26,0,0,0,0,9
116,RefSoil_398,NC_014158.1,521096,Bacteria,Actinobacteria,Actinobacteria,Corynebacteriales,Tsukamurellaceae,Tsukamurella,Tsukamurella paurometabola,Tsukamurella paurometabola DSM 20162,521096.13,543675,Actinobacteria,0,0,0,9,0,0,3,0,0
117,RefSoil_399,NC_014166.1,572480,Bacteria,Proteobacteria,Epsilonproteobacteria,Campylobacterales,Campylobacteraceae,Arcobacter,Arcobacter nitrofigilis,Arcobacter nitrofigilis DSM 7299,572480.13,277566,Proteobacteria,0,0,0,0,0,0,0,0,0
118,RefSoil_401,"NC_014210.1,NC_014211.1",446468,Bacteria,Actinobacteria,Actinobacteria,Streptosporangiales,Nocardiopsaceae,Nocardiopsis,Nocardiopsis dassonvillei,Nocardiopsis dassonvillei subsp. dassonville,"446468.22,446468.21",956334,Actinobacteria,0,0,16,0,0,0,0,0,0
119,RefSoil_403,NC_014217.1,639283,Bacteria,Proteobacteria,Alphaproteobacteria,Rhizobiales,Xanthobacteraceae,Starkeya,Starkeya novella,Starkeya novella DSM 506,639283.80000000005,New.53.CleanUp.ReferenceOTU523671,Proteobacteria,0,0,0,29,0,0,0,0,0
120,RefSoil_408,NC_014313.1,582899,Bacteria,Proteobacteria,Alphaproteobacteria,Rhizobiales,Hyphomicrobiaceae,Hyphomicrobium,Hyphomicrobium denitrificans,Hyphomicrobium denitrificans ATCC 51888,582899.12,New.5.CleanUp.ReferenceOTU62252,Proteobacteria,69,0,3,0,0,106,0,0,0
121,RefSoil_409,NC_014314.1,552811,Bacteria,Chloroflexi,Dehalococcoidia,,,Dehalogenimonas,Dehalogenimonas lykanthroporepellens,Dehalogenimonas lykanthroporepellens BL-DC-9,552811.21,3694331,Chloroflexi,15,1143,0,0,36,206,0,0,0
122,RefSoil_411,NC_014328.1,748727,Bacteria,Firmicutes,Clostridia,Clostridiales,Clostridiaceae,Clostridium,Clostridium ljungdahlii,Clostridium ljungdahlii DSM 13528,748727.18,4380668,Firmicutes,0,0,0,0,0,3,0,0,0
123,RefSoil_413,NC_014364.1,573413,Bacteria,Spirochaetes,Spirochaetia,Spirochaetales,Spirochaetaceae,Spirochaeta,Spirochaeta smaragdinae,Spirochaeta smaragdinae DSM 11293,573413.14,New.12.CleanUp.ReferenceOTU144840,Spirochaetes,0,0,0,0,0,0,0,0,0
124,RefSoil_415,NC_014393.1,573061,Bacteria,Firmicutes,Clostridia,Clostridiales,Clostridiaceae,Clostridium,Clostridium cellulovorans,Clostridium cellulovorans 743B,573061.1,4457669,Firmicutes,2,4,4,107,0,76,0,0,0
125,RefSoil_416,NC_014394.1,395494,Bacteria,Proteobacteria,Betaproteobacteria,Gallionellales,Gallionellaceae,Gallionella,Gallionella capsiferriformans,Gallionella capsiferriformans ES-2,395494.1,New.5.CleanUp.ReferenceOTU28452,Proteobacteria,0,0,0,0,0,0,0,0,0
126,RefSoil_422,NC_014532.1,768066,Bacteria,Proteobacteria,Gammaproteobacteria,Oceanospirillales,Halomonadaceae,Halomonas,Halomonas elongata,Halomonas elongata DSM 2581,768066.17,4322642,Proteobacteria,0,0,0,0,0,142,0,0,0
127,RefSoil_425,NC_014614.1,1511,Bacteria,Firmicutes,Clostridia,Clostridiales,Peptostreptococcaceae,Peptoclostridium,,[Clostridium] sticklandii,1511.6,2795129,Firmicutes,0,0,0,0,0,0,0,0,0
128,RefSoil_430,NC_014632.1,572544,Bacteria,Fusobacteria,Fusobacteriia,Fusobacteriales,Fusobacteriaceae,Ilyobacter,Ilyobacter polytropus,Ilyobacter polytropus DSM 2926,572544.9,New.13.CleanUp.ReferenceOTU516929,Fusobacteria,0,0,0,0,0,45,0,0,0
129,RefSoil_432,NC_014640.1,762376,Bacteria,Proteobacteria,Betaproteobacteria,Burkholderiales,Alcaligenaceae,Achromobacter,Achromobacter xylosoxidans,Achromobacter xylosoxidans A8,762376.29,68617,Proteobacteria,0,0,99,671,0,483,0,2,0
130,RefSoil_433,NC_014654.1,656519,Bacteria,Firmicutes,Clostridia,Halanaerobiales,Halanaerobiaceae,Halanaerobium,,Halanaerobium hydrogeniformans,656519.80000000005,4384856,Firmicutes,0,0,0,0,0,14,0,0,0
131,RefSoil_440,NC_014734.1,694427,Bacteria,Bacteroidetes,Bacteroidia,Bacteroidales,Porphyromonadaceae,Paludibacter,Paludibacter propionicigenes,Paludibacter propionicigenes WB4,694427.11,575486,Bacteroidetes,0,0,0,7,0,0,0,0,0
132,RefSoil_441,NC_014815.1,648999,Bacteria,Actinobacteria,Actinobacteria,Micromonosporales,Micromonosporaceae,Micromonospora,,Micromonospora sp. L5,648999.13,195864,Actinobacteria,0,0,103,2424,0,283,0,0,5
133,RefSoil_442,"NC_014816.1,NC_014817.1",573065,Bacteria,Proteobacteria,Alphaproteobacteria,Caulobacterales,Caulobacteraceae,Asticcacaulis,Asticcacaulis excentricus,Asticcacaulis excentricus CB 48,"573065.14,573065.15",New.7.CleanUp.ReferenceOTU252558,Proteobacteria,0,3,6,15,2,0,0,1,0
134,RefSoil_444,NC_014831.1,644966,Bacteria,Firmicutes,Clostridia,Clostridiales,Clostridiales Family XVII. Incertae Sedis,Thermaerobacter,Thermaerobacter marianensis,Thermaerobacter marianensis DSM 12885,644966.69999999995,2772794,Firmicutes,0,0,0,0,0,0,0,0,0
135,RefSoil_445,NC_014833.1,697329,Bacteria,Firmicutes,Clostridia,Clostridiales,Ruminococcaceae,Ruminococcus,Ruminococcus albus,Ruminococcus albus 7,697329.29,289599,Firmicutes,0,0,0,0,0,0,2,0,3
136,RefSoil_448,NC_014910.1,596153,Bacteria,Proteobacteria,Betaproteobacteria,Burkholderiales,Comamonadaceae,Alicycliphilus,Alicycliphilus denitrificans,Alicycliphilus denitrificans BC,596153.80000000005,581921,Proteobacteria,0,0,3,278,0,0,0,0,0
137,RefSoil_450,NC_014958.1,709986,Bacteria,Deinococcus-Thermus,Deinococci,Deinococcales,Deinococcaceae,Deinococcus,Deinococcus maricopensis,Deinococcus maricopensis DSM 21211,709986.6,3110915,Deinococcus-Thermus,0,0,0,0,0,0,0,0,2
138,RefSoil_452,NC_014963.1,401053,Bacteria,Acidobacteria,Acidobacteriia,Acidobacteriales,Acidobacteriaceae,Terriglobus,Terriglobus saanensis,Terriglobus saanensis SP1PR4,401053.9,New.53.CleanUp.ReferenceOTU849737,Acidobacteria,0,0,0,9,0,0,0,0,0
139,RefSoil_453,NC_014972.1,577650,Bacteria,Proteobacteria,Deltaproteobacteria,Desulfobacterales,Desulfobulbaceae,Desulfobulbus,Desulfobulbus propionicus,Desulfobulbus propionicus DSM 2032,577650.17000000004,New.5.CleanUp.ReferenceOTU350819,Proteobacteria,0,0,0,8,0,2,0,0,0
140,RefSoil_460,NC_015161.1,693977,Bacteria,Deinococcus-Thermus,Deinococci,Deinococcales,Deinococcaceae,Deinococcus,Deinococcus proteolyticus,Deinococcus proteolyticus MRP,693977.9,546802,Deinococcus-Thermus,0,0,0,0,0,0,0,0,0
141,RefSoil_461,NC_015167.1,867900,Bacteria,Bacteroidetes,Flavobacteriia,Flavobacteriales,Flavobacteriaceae,Cellulophaga,Cellulophaga lytica,Cellulophaga lytica DSM 7489,867900.8,New.11.CleanUp.ReferenceOTU76228,Bacteroidetes,0,0,0,0,0,0,0,0,0
142,RefSoil_463,NC_015216.1,877455,Archaea,Euryarchaeota,Methanobacteria,Methanobacteriales,Methanobacteriaceae,Methanobacterium,,Methanobacterium lacus,877455.1,New.5.CleanUp.ReferenceOTU284098,Euryarchaeota,0,73,0,0,10,0,0,0,0
143,RefSoil_464,NC_015222.1,153948,Bacteria,Proteobacteria,Betaproteobacteria,Nitrosomonadales,Nitrosomonadaceae,Nitrosomonas,,Nitrosomonas sp. AL212,153948.9,3950303,Proteobacteria,0,0,0,0,0,0,0,0,0
144,RefSoil_465,NC_015312.1,675635,Bacteria,Actinobacteria,Actinobacteria,Pseudonocardiales,Pseudonocardiaceae,Pseudonocardia,Pseudonocardia dioxanivorans,Pseudonocardia dioxanivorans CB1190,675635.22,1127819,Actinobacteria,0,0,0,30,0,0,0,0,0
145,RefSoil_468,NC_015379.1,994484,Bacteria,Proteobacteria,Gammaproteobacteria,Pseudomonadales,Pseudomonadaceae,Pseudomonas,Pseudomonas brassicacearum,Pseudomonas brassicacearum subsp,994484.11,264913,Proteobacteria,0,0,0,21,0,0,0,0,0
146,RefSoil_467,"NC_015381.1,NC_015376.1",999541,Bacteria,Proteobacteria,Betaproteobacteria,Burkholderiales,Burkholderiaceae,Burkholderia,Burkholderia gladioli,Burkholderia gladioli BSR3,"999541.18,999541.19",New.59.CleanUp.ReferenceOTU568386,Proteobacteria,0,0,0,3,0,0,0,0,0
147,RefSoil_469,NC_015425.1,929506,Bacteria,Firmicutes,Clostridia,Clostridiales,Clostridiaceae,Clostridium,Clostridium botulinum,Clostridium botulinum BKT015925,929506.15,2850749,Firmicutes,0,0,0,0,0,0,0,0,0
148,RefSoil_475,NC_015565.1,868595,Bacteria,Firmicutes,Clostridia,Clostridiales,Peptococcaceae,Desulfotomaculum,Desulfotomaculum nigrificans,Desulfotomaculum nigrificans CO-1-SRB,868595.8,4404109,Firmicutes,0,2,0,0,0,2,0,0,0
149,RefSoil_477,NC_015573.1,760568,Bacteria,Firmicutes,Clostridia,Clostridiales,Peptococcaceae,Desulfotomaculum,Desulfotomaculum kuznetsovii,Desulfotomaculum kuznetsovii DSM 6115,760568.7,New.59.CleanUp.ReferenceOTU219830,Acidobacteria,0,0,0,4,0,0,0,0,0
150,RefSoil_478,NC_015577.1,545695,Bacteria,Spirochaetes,Spirochaetia,Spirochaetales,Spirochaetaceae,Treponema,Treponema azotonutricium,Treponema azotonutricium ZAS-9,545695.1,141278,Spirochaetes,0,0,0,0,0,0,3,0,0
151,RefSoil_479,NC_015578.1,545694,Bacteria,Spirochaetes,Spirochaetia,Spirochaetales,Spirochaetaceae,Treponema,Treponema primitia,Treponema primitia ZAS-2,545694.11,New.12.CleanUp.ReferenceOTU146129,Spirochaetes,0,0,0,0,0,0,0,0,0
152,RefSoil_480,NC_015580.1,702113,Bacteria,Proteobacteria,Alphaproteobacteria,Sphingomonadales,Sphingomonadaceae,Novosphingobium,,Novosphingobium sp. PP1Y,702113.13,144589,Proteobacteria,0,0,13,520,0,3,0,0,0
153,RefSoil_483,"NC_015593.1,NC_015594.1",690566,Bacteria,Proteobacteria,Alphaproteobacteria,Sphingomonadales,Sphingomonadaceae,Sphingobium,Sphingobium chlorophenolicum,Sphingobium chlorophenolicum L-1,"690566.11,690566.1",New.53.CleanUp.ReferenceOTU826098,Proteobacteria,0,0,0,2,0,0,0,0,0
154,RefSoil_486,NC_015635.1,1032480,Bacteria,Actinobacteria,Actinobacteria,Propionibacteriales,Propionibacteriaceae,Microlunatus,Microlunatus phosphovorus,Microlunatus phosphovorus NM-1,1032480.8,4466196,Actinobacteria,0,0,30,0,1,0,0,7,0
155,RefSoil_487,NC_015656.1,656024,Bacteria,Actinobacteria,Actinobacteria,Frankiales,Frankiaceae,Frankia,,Frankia symbiont of Datisca glomerata,656024.11,New.59.CleanUp.ReferenceOTU829841,Actinobacteria,0,0,0,4,0,0,0,0,0
156,RefSoil_489,NC_015676.1,679901,Archaea,Euryarchaeota,Methanomicrobia,Methanosarcinales,Methanosarcinaceae,Methanosalsum,Methanosalsum zhilinae,Methanosalsum zhilinae DSM 4017,679901.12,New.36.CleanUp.ReferenceOTU938882,Euryarchaeota,0,0,0,0,0,0,0,0,0
157,RefSoil_497,NC_015717.1,717785,Bacteria,Proteobacteria,Alphaproteobacteria,Rhizobiales,Hyphomicrobiaceae,Hyphomicrobium,,Hyphomicrobium sp. MC1,717785.8,239537,Proteobacteria,0,0,17,2943,0,32,0,0,0
158,RefSoil_502,NC_015846.1,860228,Bacteria,Bacteroidetes,Flavobacteriia,Flavobacteriales,Flavobacteriaceae,Capnocytophaga,Capnocytophaga canimorsus,Capnocytophaga canimorsus Cc5,860228.9,903886,Bacteroidetes,0,0,0,0,0,0,0,0,0
159,RefSoil_504,NC_015856.1,1005048,Bacteria,Proteobacteria,Betaproteobacteria,Burkholderiales,Oxalobacteraceae,Collimonas,Collimonas fungivorans,Collimonas fungivorans Ter331,1005048.16,4445604,Proteobacteria,0,0,788,2084,0,117,0,0,0
160,RefSoil_508,NC_015947.1,868597,Bacteria,Proteobacteria,Gammaproteobacteria,Xanthomonadales,Xanthomonadaceae,Stenotrophomonas,Stenotrophomonas maltophilia,Stenotrophomonas maltophilia JV3,868597.13,817926,Proteobacteria,0,0,0,59,0,24,0,0,1
161,RefSoil_511,NC_015976.1,627192,Bacteria,Proteobacteria,Alphaproteobacteria,Sphingomonadales,Sphingomonadaceae,Sphingobium,,Sphingobium sp. SYK-6,627192.15,New.53.CleanUp.ReferenceOTU971696,Proteobacteria,0,0,0,4,0,0,0,0,0
162,RefSoil_512,NC_016001.1,1034807,Bacteria,Bacteroidetes,Flavobacteriia,Flavobacteriales,Flavobacteriaceae,Flavobacterium,Flavobacterium branchiophilum,Flavobacterium branchiophilum FL-15,1034807.13,960076,Bacteroidetes,0,0,0,15,0,0,0,0,0
163,RefSoil_513,NC_016002.1,748280,Bacteria,Proteobacteria,Betaproteobacteria,Neisseriales,Chromobacteriaceae,Pseudogulbenkiania,,Pseudogulbenkiania sp. NH8B,748280.7,6374,Proteobacteria,0,0,0,6,0,0,0,0,0
164,RefSoil_515,"NC_016024.1,NC_016025.1",981222,Bacteria,Acidobacteria,Blastocatellia,,,Chloracidobacterium,Chloracidobacterium thermophilum,Chloracidobacterium thermophilum B,"981222.17,981222.18",3696,Acidobacteria,0,0,0,0,0,0,0,0,0
165,RefSoil_519,NC_016109.1,452652,Bacteria,Actinobacteria,Actinobacteria,Streptomycetales,Streptomycetaceae,Kitasatospora,Kitasatospora setae,Kitasatospora setae KM-6054,452652.9,3614443,Actinobacteria,0,0,2,407,0,17,0,0,0
166,RefSoil_520,NC_016111.1,1003195,Bacteria,Actinobacteria,Actinobacteria,Streptomycetales,Streptomycetaceae,Streptomyces,Streptomyces cattleya,Streptomyces cattleya NRRL 8057,1003195.35,826658,Actinobacteria,3,0,136,5,2,18,0,4,0
167,RefSoil_525,NC_016510.2,1041826,Bacteria,Bacteroidetes,Flavobacteriia,Flavobacteriales,Flavobacteriaceae,Flavobacterium,Flavobacterium columnare,Flavobacterium columnare ATCC 49512,1041826.26,1889810,Bacteroidetes,0,0,19,4703,0,0,0,0,1
168,RefSoil_528,NC_016584.1,768706,Bacteria,Firmicutes,Clostridia,Clostridiales,Peptococcaceae,Desulfosporosinus,Desulfosporosinus orientis,Desulfosporosinus orientis DSM 765,768706.9,4307267,Firmicutes,0,0,0,0,0,0,0,0,0
169,RefSoil_536,"NC_016589.1,NC_016625.1,NC_016590.1",1097668,Bacteria,Proteobacteria,Betaproteobacteria,Burkholderiales,Burkholderiaceae,Burkholderia,,Burkholderia sp. YI23,"1097668.25,1097668.26,1097668.24",1144796,Proteobacteria,0,0,0,3608,0,11,0,0,0
170,RefSoil_530,NC_016609.1,700598,Bacteria,Bacteroidetes,Sphingobacteriia,Sphingobacteriales,Chitinophagaceae,Niastella,Niastella koreensis,Niastella koreensis GR20-10,700598.1,New.59.CleanUp.ReferenceOTU1481861,Bacteroidetes,0,0,0,3,0,0,0,0,0
171,RefSoil_532,NC_016616.1,640081,Bacteria,Proteobacteria,Betaproteobacteria,Rhodocyclales,Rhodocyclaceae,Azospira,Azospira oryzae,Dechlorosoma suillum PS,640081.6,4467400,Proteobacteria,13,4,0,166,15,21,0,2,0
172,RefSoil_534,NC_016620.1,862908,Bacteria,Proteobacteria,Deltaproteobacteria,Bdellovibrionales,Halobacteriovoraceae,Halobacteriovorax,Halobacteriovorax marinus,Halobacteriovorax marinus SJ,862908.7,New.1.CleanUp.ReferenceOTU40941,Proteobacteria,0,0,0,0,0,0,0,0,0
173,RefSoil_535,NC_016622.1,862719,Bacteria,Proteobacteria,Alphaproteobacteria,Rhodospirillales,Rhodospirillaceae,Azospirillum,Azospirillum lipoferum,Azospirillum lipoferum 4B,862719.1,777237,Proteobacteria,0,0,3,0,0,2,0,0,0
174,RefSoil_539,NC_016631.1,682795,Bacteria,Acidobacteria,Acidobacteriia,Acidobacteriales,Acidobacteriaceae,Granulicella,Granulicella mallensis,Granulicella mallensis MP5ACTX8,682795.9,New.52.CleanUp.ReferenceOTU85919,Acidobacteria,0,0,0,0,0,0,0,0,0
175,RefSoil_550,NC_016826.1,1069533,Bacteria,Firmicutes,Bacilli,Lactobacillales,Streptococcaceae,Streptococcus,Streptococcus infantarius,Streptococcus infantarius subsp. infantariu,1069533.21,3244896,Firmicutes,0,0,0,0,0,0,0,0,0
176,RefSoil_559,NC_016887.1,1127134,Bacteria,Actinobacteria,Actinobacteria,Corynebacteriales,Nocardiaceae,Nocardia,Nocardia cyriacigeorgica,Nocardia cyriacigeorgica GUH-2,1127134.7,328765,Actinobacteria,0,0,5,3,0,7,0,0,0
177,RefSoil_560,NC_016894.1,931626,Bacteria,Firmicutes,Clostridia,Clostridiales,Eubacteriaceae,Acetobacterium,Acetobacterium woodii,Acetobacterium woodii DSM 1030,931626.14,4476862,Firmicutes,0,0,0,0,8,0,0,0,0
178,RefSoil_561,NC_016906.1,1112204,Bacteria,Actinobacteria,Actinobacteria,Corynebacteriales,Gordoniaceae,Gordonia,Gordonia polyisoprenivorans,Gordonia polyisoprenivorans VH2,1112204.7,4411489,Actinobacteria,0,0,0,0,0,2,0,0,2
179,RefSoil_563,NC_016943.1,1146883,Bacteria,Actinobacteria,Actinobacteria,Geodermatophilales,Geodermatophilaceae,Blastococcus,Blastococcus saxobsidens,Blastococcus saxobsidens DD2,1146883.1100000001,New.59.CleanUp.ReferenceOTU71157,Actinobacteria,0,0,0,2,0,0,0,0,0
180,RefSoil_569,NC_017034.1,1041930,Archaea,Euryarchaeota,Methanomicrobia,Methanocellales,Methanocellaceae,Methanocella,Methanocella conradii,Methanocella conradii HZ254,1041930.1,254640,Euryarchaeota,24,0,0,0,0,729,0,0,0
181,RefSoil_575,NC_017093.1,512565,Bacteria,Actinobacteria,Actinobacteria,Micromonosporales,Micromonosporaceae,Actinoplanes,Actinoplanes missouriensis,Actinoplanes missouriensis 431,512565.1,39832,Actinobacteria,0,0,5242,2125,0,10,0,0,0
182,RefSoil_585,NC_017161.1,608538,Bacteria,Aquificae,Aquificae,Aquificales,Aquificaceae,Hydrogenobacter,Hydrogenobacter thermophilus,Hydrogenobacter thermophilus TK-6,608538.12,1109030,Aquificae,0,0,0,0,0,0,0,0,0
183,RefSoil_603,NC_017322.1,698936,Bacteria,Proteobacteria,Alphaproteobacteria,Rhizobiales,Rhizobiaceae,Sinorhizobium,Sinorhizobium meliloti,Sinorhizobium meliloti BL225C,698936.16,New.7.CleanUp.ReferenceOTU153570,Proteobacteria,0,0,13,0,0,3,0,0,0
184,RefSoil_629,NC_017668.1,866895,Bacteria,Firmicutes,Bacilli,Bacillales,Bacillaceae,Halobacillus,Halobacillus halophilus,Halobacillus halophilus DSM 2266,866895.8,New.52.CleanUp.ReferenceOTU21326,Firmicutes,0,0,0,8,0,0,0,0,0
185,RefSoil_635,NC_017770.1,929556,Bacteria,Bacteroidetes,Sphingobacteriia,Sphingobacteriales,Sphingobacteriaceae,Solitalea,Solitalea canadensis,Solitalea canadensis DSM 3403,929556.6,New.7.CleanUp.ReferenceOTU256861,Bacteroidetes,0,0,2,0,0,0,0,0,0
186,RefSoil_636,NC_017790.1,745776,Bacteria,Deinococcus-Thermus,Deinococci,Deinococcales,Deinococcaceae,Deinococcus,Deinococcus gobiensis,Deinococcus gobiensis I-0,745776.7,241895,Deinococcus-Thermus,0,0,0,18,0,0,0,0,0
187,RefSoil_637,NC_017803.1,134676,Bacteria,Actinobacteria,Actinobacteria,Micromonosporales,Micromonosporaceae,Actinoplanes,,Actinoplanes sp. SE50/110,134676.12,28089,Actinobacteria,0,0,9232,281,0,11,0,0,0
188,RefSoil_642,NC_017955.1,477641,Bacteria,Actinobacteria,Actinobacteria,Geodermatophilales,Geodermatophilaceae,Modestobacter,,Modestobacter marinus,477641.1,New.52.CleanUp.ReferenceOTU32466,Actinobacteria,0,0,0,0,0,0,0,0,0
189,RefSoil_647,NC_018014.1,926566,Bacteria,Acidobacteria,Acidobacteriia,Acidobacteriales,Acidobacteriaceae,Terriglobus,Terriglobus roseus,Terriglobus roseus DSM 18391,926566.8,New.5.CleanUp.ReferenceOTU195383,Acidobacteria,0,8,0,4,24,0,0,45,0
190,RefSoil_648,NC_018017.1,756499,Bacteria,Firmicutes,Clostridia,Clostridiales,Peptococcaceae,Desulfitobacterium,Desulfitobacterium dehalogenans,Desulfitobacterium dehalogenans ATCC 51507,756499.1,13900,Firmicutes,0,0,0,0,0,0,0,0,0
191,RefSoil_651,NC_018065.1,1002809,Bacteria,Firmicutes,Bacilli,Bacillales,Planococcaceae,Solibacillus,Solibacillus silvestris,Solibacillus silvestris StLB046,1002809.9,4302300,Firmicutes,0,0,0,45,0,48,0,0,0
192,RefSoil_659,NC_018177.1,1123519,Bacteria,Proteobacteria,Gammaproteobacteria,Pseudomonadales,Pseudomonadaceae,Pseudomonas,Pseudomonas stutzeri,Pseudomonas stutzeri DSM 10701,1123519.1200000001,New.19.CleanUp.ReferenceOTU3972,Proteobacteria,0,0,0,0,0,3,0,0,0
193,RefSoil_660,NC_018266.1,713604,Bacteria,Actinobacteria,Actinobacteria,Pseudonocardiales,Pseudonocardiaceae,Amycolatopsis,Amycolatopsis mediterranei,Amycolatopsis mediterranei S699,713604.13,New.59.CleanUp.ReferenceOTU294692,Actinobacteria,0,0,0,2,0,0,0,0,0
194,RefSoil_662,NC_018485.1,187303,Bacteria,Proteobacteria,Alphaproteobacteria,Rhizobiales,Methylocystaceae,Methylocystis,,Methylocystis sp. SC2,187303.2,1120835,Proteobacteria,3,0,3,18,0,5,0,0,0
195,RefSoil_670,NC_018581.1,337191,Bacteria,Actinobacteria,Actinobacteria,Corynebacteriales,Gordoniaceae,Gordonia,,Gordonia sp. KTR9,337191.8,799497,Actinobacteria,0,0,88,0,0,5,0,0,0
196,RefSoil_683,NC_018664.1,1128398,Bacteria,Firmicutes,Clostridia,Clostridiales,,Gottschalkia,Gottschalkia acidurici,[Clostridium] acidurici 9a,1128398.6000000001,4462654,Firmicutes,0,0,0,98,0,19,0,0,0
197,RefSoil_688,NC_018704.1,698758,Bacteria,Firmicutes,Bacilli,Bacillales,Bacillaceae,Amphibacillus,Amphibacillus xylanus,Amphibacillus xylanus NBRC 15112,698758.9,New.9.CleanUp.ReferenceOTU132755,Firmicutes,0,0,0,0,0,2,0,0,0
198,RefSoil_691,NC_018750.1,953739,Bacteria,Actinobacteria,Actinobacteria,Streptomycetales,Streptomycetaceae,Streptomyces,Streptomyces venezuelae,Streptomyces venezuelae ATCC 10712,953739.33,New.59.CleanUp.ReferenceOTU1569744,Actinobacteria,0,0,0,2,0,0,0,0,0
199,RefSoil_699,NC_019673.1,1179773,Bacteria,Actinobacteria,Actinobacteria,Pseudonocardiales,Pseudonocardiaceae,Saccharothrix,Saccharothrix espanaensis,Saccharothrix espanaensis DSM 44229,1179773.8,63696,Actinobacteria,87,0,858,97,0,0,3,0,71
200,RefSoil_700,NC_019676.1,317936,Bacteria,Cyanobacteria,,Nostocales,Nostocaceae,Nostoc,,Nostoc sp. PCC 7107,317936.15999999997,New.4.CleanUp.ReferenceOTU54250,Cyanobacteria/Chloroplast,0,0,0,0,0,0,0,0,0
201,RefSoil_702,NC_019680.1,195253,Bacteria,Cyanobacteria,,Chroococcales,,Synechococcus,,Synechococcus sp. PCC 6312,195253.7,968391,Cyanobacteria/Chloroplast,12,0,0,506,0,0,0,0,0
202,RefSoil_703,NC_019683.1,111781,Bacteria,Cyanobacteria,,Oscillatoriales,,Leptolyngbya,,Leptolyngbya sp. PCC 7376,111781.11,1011502,Cyanobacteria/Chloroplast,0,0,0,0,0,0,0,0,0
203,RefSoil_705,NC_019693.1,56110,Bacteria,Cyanobacteria,,Oscillatoriales,,Oscillatoria,Oscillatoria acuminata,Oscillatoria acuminata PCC 6304,56110.7,New.4.CleanUp.ReferenceOTU78249,Cyanobacteria/Chloroplast,0,0,0,0,0,0,0,0,0
204,RefSoil_706,NC_019695.1,251229,Bacteria,Cyanobacteria,,Pleurocapsales,,Chroococcidiopsis,Chroococcidiopsis thermalis,Chroococcidiopsis thermalis PCC 7203,251229.9,993455,Cyanobacteria/Chloroplast,0,0,0,0,0,0,0,0,0
205,RefSoil_708,NC_019702.1,1173263,Bacteria,Cyanobacteria,,Chroococcales,,Synechococcus,,Synechococcus sp. PCC 7502,1173263.7,New.38.CleanUp.ReferenceOTU85280,Cyanobacteria/Chloroplast,0,3,0,0,0,0,0,0,0
206,RefSoil_709,NC_019703.1,1173025,Bacteria,Cyanobacteria,,Oscillatoriales,,Geitlerinema,,Geitlerinema sp. PCC 7407,1173025.7,4413357,Cyanobacteria/Chloroplast,0,0,0,0,0,0,0,0,0
207,RefSoil_710,NC_019729.1,179408,Bacteria,Cyanobacteria,,Oscillatoriales,,Oscillatoria,Oscillatoria nigro-viridis,Oscillatoria nigro-viridis PCC 7112,179408.7,824855,Cyanobacteria/Chloroplast,0,0,0,0,0,0,0,0,0
208,RefSoil_711,NC_019738.1,1173027,Bacteria,Cyanobacteria,,Oscillatoriales,,Microcoleus,,Microcoleus sp. PCC 7113,1173027.8,New.59.CleanUp.ReferenceOTU1253833,Cyanobacteria/Chloroplast,0,0,0,9,0,0,0,0,0
209,RefSoil_712,NC_019745.1,1173026,Bacteria,Cyanobacteria,,Chroococcales,,Gloeocapsa,,Gloeocapsa sp. PCC 7428,1173026.7,New.28.CleanUp.ReferenceOTU551117,Cyanobacteria/Chloroplast,0,0,0,0,0,0,0,0,0
210,RefSoil_713,NC_019748.1,111780,Bacteria,Cyanobacteria,,Pleurocapsales,,Stanieria,Stanieria cyanosphaera,Stanieria cyanosphaera PCC 7437,111780.7,4372695,Cyanobacteria/Chloroplast,0,0,0,0,0,0,0,0,0
211,RefSoil_714,NC_019757.1,56107,Bacteria,Cyanobacteria,,Nostocales,Nostocaceae,Cylindrospermum,Cylindrospermum stagnale,Cylindrospermum stagnale PCC 7417,56107.11,New.5.CleanUp.ReferenceOTU81976,Cyanobacteria/Chloroplast,0,0,0,2,0,0,0,0,0
212,RefSoil_715,NC_019776.1,755178,Bacteria,Cyanobacteria,,Chroococcales,,Cyanobacterium,Cyanobacterium aponinum,Cyanobacterium aponinum PCC 10605,755178.9,2188623,Cyanobacteria/Chloroplast,0,0,0,0,0,0,0,0,0
213,RefSoil_716,NC_019780.1,13035,Bacteria,Cyanobacteria,,Chroococcales,,Dactylococcopsis,Dactylococcopsis salina,Dactylococcopsis salina PCC 8305,13035.7,4460895,Cyanobacteria/Chloroplast,0,0,0,0,0,3,0,0,0
214,RefSoil_720,NC_019892.1,886293,Bacteria,Planctomycetes,Planctomycetia,Planctomycetales,Isosphaeraceae,Singulisphaera,Singulisphaera acidiphila,Singulisphaera acidiphila DSM 18658,886293.17,New.7.CleanUp.ReferenceOTU36342,Planctomycetes,99,0,9,557,2,34,59,1,23
215,RefSoil_721,NC_019897.1,717605,Bacteria,Firmicutes,Bacilli,Bacillales,Paenibacillaceae,Thermobacillus,Thermobacillus composti,Thermobacillus composti KWC4,717605.6,New.19.CleanUp.ReferenceOTU8353,Firmicutes,0,0,0,0,0,11,0,0,0
216,RefSoil_724,NC_019973.1,754035,Bacteria,Proteobacteria,Alphaproteobacteria,Rhizobiales,Phyllobacteriaceae,Mesorhizobium,Mesorhizobium australicum,Mesorhizobium australicum WSM2073,754035.9,3004649,Proteobacteria,0,0,8,474,2,63,1,1,1
217,RefSoil_729,NC_020207.1,1104325,Bacteria,Firmicutes,Bacilli,Lactobacillales,Enterococcaceae,Enterococcus,Enterococcus faecium,Enterococcus faecium NRRL B-2354,1104325.1200000001,152485,Firmicutes,0,0,7,11,0,0,0,0,0
218,RefSoil_741,NC_020417.1,543913,Bacteria,Proteobacteria,Betaproteobacteria,,,,,beta proteobacterium CB,543913.6,3701019,Proteobacteria,4,0,0,3,0,2,0,0,0
219,RefSoil_742,NC_020418.1,1124991,Bacteria,Proteobacteria,Gammaproteobacteria,Enterobacteriales,Enterobacteriaceae,Morganella,Morganella morganii,Morganella morganii subsp. morganii KT,1124991.8999999999,4477719,Proteobacteria,0,2,3,0,0,4,0,0,0
220,RefSoil_749,NC_020520.1,1313172,Bacteria,Actinobacteria,Acidimicrobiia,Acidimicrobiales,Acidimicrobiaceae,Ilumatobacter,Ilumatobacter coccineus,Ilumatobacter coccineus YM16-304,1313172.7,260261,Actinobacteria,0,0,0,0,0,0,0,0,0
221,RefSoil_751,NC_020541.1,666685,Bacteria,Proteobacteria,Gammaproteobacteria,Xanthomonadales,Rhodanobacteraceae,Rhodanobacter,,Rhodanobacter denitrificans,666685.1,1584967,Proteobacteria,9,320,0,9,402,866,56,214,0
222,RefSoil_752,NC_020561.1,745310,Bacteria,Proteobacteria,Alphaproteobacteria,Sphingomonadales,Sphingomonadaceae,Sphingomonas,,Sphingomonas sp. MM-1,745310.15,New.53.CleanUp.ReferenceOTU1121460,Proteobacteria,0,0,0,3,0,0,0,0,0
223,RefSoil_755,NC_020813.1,1184267,Bacteria,Proteobacteria,Deltaproteobacteria,Bdellovibrionales,Bdellovibrionaceae,Bdellovibrio,Bdellovibrio exovorus,Bdellovibrio exovorus JSS,1184267.1000000001,New.53.CleanUp.ReferenceOTU191242,Proteobacteria,0,0,0,12,0,0,0,0,0
224,RefSoil_756,NC_020829.1,1294143,Bacteria,Proteobacteria,Gammaproteobacteria,Pseudomonadales,Pseudomonadaceae,Pseudomonas,Pseudomonas denitrificans,Pseudomonas denitrificans ATCC 13867,1294143.8999999999,New.19.CleanUp.ReferenceOTU14939,Proteobacteria,0,0,0,6,0,3,0,0,0
225,RefSoil_758,NC_020887.2,1121335,Bacteria,Firmicutes,Clostridia,Clostridiales,Ruminococcaceae,Ruminiclostridium,[Clostridium] stercorarium,[Clostridium] stercorarium subsp. stercorariu,1121335.1200000001,16013,Firmicutes,0,0,0,0,0,0,0,0,0
226,RefSoil_764,NC_021066.1,1286170,Bacteria,Proteobacteria,Gammaproteobacteria,Enterobacteriales,Enterobacteriaceae,Raoultella,Raoultella ornithinolytica,Raoultella ornithinolytica B6,1286170.1000000001,508943,Proteobacteria,0,0,0,0,0,0,0,0,0
227,RefSoil_768,NC_021172.1,670307,Bacteria,Proteobacteria,Alphaproteobacteria,Rhizobiales,Hyphomicrobiaceae,Hyphomicrobium,Hyphomicrobium denitrificans,Hyphomicrobium denitrificans 1NES1,670307.69999999995,New.24.CleanUp.ReferenceOTU12645,Proteobacteria,9,0,0,77,0,0,0,0,2
228,RefSoil_772,NC_021182.1,86416,Bacteria,Firmicutes,Clostridia,Clostridiales,Clostridiaceae,Clostridium,Clostridium pasteurianum,Clostridium pasteurianum BC1,86416.8,248740,Firmicutes,3,0,2,22,0,9,0,0,0
229,RefSoil_784,NC_021658.1,1254432,Bacteria,Proteobacteria,Deltaproteobacteria,Myxococcales,Polyangiaceae,Sorangium,Sorangium cellulosum,Sorangium cellulosum So0157-2,1254432.8,750320,Proteobacteria,0,0,4748,40,0,17,0,0,0
230,RefSoil_797,NC_022041.1,1367847,Bacteria,Proteobacteria,Alphaproteobacteria,Rhodobacterales,Rhodobacteraceae,Paracoccus,Paracoccus aminophilus,Paracoccus aminophilus JCM 7686,1367847.9,719608,Proteobacteria,0,0,0,0,0,3,0,0,0
231,RefSoil_798,NC_022080.4,1345697,Bacteria,Firmicutes,Bacilli,Bacillales,Bacillaceae,Geobacillus,,Geobacillus sp. JF8,1345697.8,New.19.CleanUp.ReferenceOTU26467,Firmicutes,0,0,0,2,0,2,0,0,0
232,RefSoil_803,"NC_022513.1,NC_022514.1,NC_022515.1",1366050,Bacteria,Proteobacteria,Betaproteobacteria,Burkholderiales,Burkholderiaceae,Ralstonia,Ralstonia pickettii,Ralstonia pickettii DTP0602,"1366050.14,1366050.16,1366050.15",New.59.CleanUp.ReferenceOTU873917,Proteobacteria,0,0,0,2,0,0,0,0,0
233,RefSoil_817,NC_022997.1,1029756,Bacteria,Proteobacteria,Alphaproteobacteria,Rhizobiales,Hyphomicrobiaceae,Hyphomicrobium,Hyphomicrobium nitrativorans,Hyphomicrobium nitrativorans NL23,1029756.9,New.42.CleanUp.ReferenceOTU370442,Proteobacteria,0,0,0,0,0,0,0,0,1
234,RefSoil_826,NZ_CM001763.1,1260626,Bacteria,Proteobacteria,Gammaproteobacteria,Pseudomonadales,Pseudomonadaceae,Pseudomonas,Pseudomonas syringae,Pseudomonas syringae pv. syringae B64,1260626.8999999999,4128270,Proteobacteria,0,7,7,926,4,0,0,1,1
235,RefSoil_829,NZ_CM002177.1,191292,Bacteria,Actinobacteria,Actinobacteria,Corynebacteriales,Nocardiaceae,Rhodococcus,,Rhodococcus aetherivorans,191292.18,578701,Actinobacteria,2,0,2,226,0,0,0,0,0
236,RefSoil_836,NZ_CM002796.1,682633,Bacteria,Proteobacteria,Alphaproteobacteria,Rhizobiales,Phyllobacteriaceae,Mesorhizobium,Mesorhizobium ciceri,Mesorhizobium ciceri ca181,682633.6,New.59.CleanUp.ReferenceOTU1150846,Proteobacteria,0,0,0,2,0,0,0,0,0
237,RefSoil_846,NZ_CP004078.1,1268072,Bacteria,Firmicutes,Bacilli,Bacillales,Paenibacillaceae,Paenibacillus,Paenibacillus sabinae,Paenibacillus sabinae T27,1268072.6000000001,4104730,Firmicutes,0,0,8,2,0,0,0,0,0
238,RefSoil_850,NZ_CP006587.1,1356852,Bacteria,Bacteroidetes,Cytophagia,Cytophagales,Cytophagaceae,Hymenobacter,,Hymenobacter sp. APR13,1356852.7,159973,Bacteroidetes,0,0,0,2,0,0,0,0,0
239,RefSoil_851,NZ_CP006644.1,1123269,Bacteria,Proteobacteria,Alphaproteobacteria,Sphingomonadales,Sphingomonadaceae,Sphingomonas,Sphingomonas sanxanigenens,Sphingomonas sanxanigenens DSM 19645,1123269.1200000001,4423410,Proteobacteria,2,4,1075,7311,1,38,0,4,29
240,RefSoil_854,NZ_CP006772.1,1400053,Bacteria,Bacteroidetes,Bacteroidia,Bacteroidales,,,,Bacteroidales bacterium CF,1400053.7,820543,Bacteroidetes,0,0,0,0,0,0,0,0,0
241,RefSoil_855,NZ_CP006850.1,1415166,Bacteria,Actinobacteria,Actinobacteria,Corynebacteriales,Nocardiaceae,Nocardia,Nocardia nova,Nocardia nova SH22a,1415166.9,New.7.CleanUp.ReferenceOTU187058,Actinobacteria,42,0,3,15,3,3,1,0,3
242,RefSoil_861,NZ_CP007033.1,871738,Bacteria,Firmicutes,Clostridia,Clostridiales,Peptococcaceae,Dehalobacter,Dehalobacter restrictus,Dehalobacter restrictus DSM 9455,871738.7,3897979,Firmicutes,0,0,0,0,0,4,0,0,0
243,RefSoil_862,NZ_CP007039.1,1441629,Bacteria,Proteobacteria,Gammaproteobacteria,Pseudomonadales,Pseudomonadaceae,Pseudomonas,Pseudomonas cichorii,Pseudomonas cichorii JBC1,1441629.7,394796,Proteobacteria,0,0,3,600,0,15,0,0,0
244,RefSoil_863,NZ_CP007044.2,1441930,Bacteria,Proteobacteria,Gammaproteobacteria,Enterobacteriales,Enterobacteriaceae,Chania,Chania multitudinisentens,Chania multitudinisentens RB-25,1441930.11,1010113,Proteobacteria,0,0,0,2,0,0,0,0,0
245,RefSoil_866,NZ_CP007139.1,661478,Bacteria,Armatimonadetes,Fimbriimonadia,Fimbriimonadales,Fimbriimonadaceae,Fimbriimonas,Fimbriimonas ginsengisoli,Fimbriimonas ginsengisoli Gsoil 348,661478.69999999995,New.52.CleanUp.ReferenceOTU59664,Armatimonadetes,0,0,0,3,0,0,0,0,0
246,RefSoil_867,NZ_CP007155.1,1449976,Bacteria,Actinobacteria,Actinobacteria,Pseudonocardiales,Pseudonocardiaceae,Kutzneria,Kutzneria albida,Kutzneria albida DSM 43870,1449976.8,4316726,Actinobacteria,0,0,4,313,0,0,0,0,0
247,RefSoil_869,NZ_CP007201.1,1150621,Bacteria,Proteobacteria,Epsilonproteobacteria,Campylobacterales,Campylobacteraceae,Sulfurospirillum,Sulfurospirillum multivorans,Sulfurospirillum multivorans DSM 12446,1150621.25,1123259,Proteobacteria,9,6509,0,0,50,0,0,0,0
248,RefSoil_870,NZ_CP007208.1,1288,Bacteria,Firmicutes,Bacilli,Bacillales,Staphylococcaceae,Staphylococcus,,Staphylococcus xylosus,1288.9100000000001,4427114,Firmicutes,0,0,0,2,0,0,0,0,0
249,RefSoil_873,"NZ_CP007236.1,NZ_CP007237.1",1416753,Bacteria,Proteobacteria,Alphaproteobacteria,Rhizobiales,Rhizobiaceae,Ensifer,Ensifer adhaerens,Ensifer adhaerens OV14,"1416753.9,1416753.8",4294646,Proteobacteria,0,0,192,593,0,17,0,0,0
250,RefSoil_876,NZ_CP007410.1,930166,Bacteria,Proteobacteria,Gammaproteobacteria,Pseudomonadales,Pseudomonadaceae,Pseudomonas,,Pseudomonas brassicacearum,930166.16,New.59.CleanUp.ReferenceOTU167926,Proteobacteria,0,0,0,15,0,0,0,0,0
251,RefSoil_878,NZ_CP007452.1,1286171,Bacteria,Firmicutes,Clostridia,Clostridiales,Eubacteriaceae,Eubacterium,Eubacterium acidaminophilum,Eubacterium acidaminophilum DSM 3953,1286171.6000000001,New.36.CleanUp.ReferenceOTU1382703,Firmicutes,0,0,0,0,0,0,0,0,0
252,RefSoil_883,NZ_CP007514.1,42256,Bacteria,Actinobacteria,Rubrobacteria,Rubrobacterales,Rubrobacteraceae,Rubrobacter,,Rubrobacter radiotolerans,42256.6,New.4.CleanUp.ReferenceOTU56741,Actinobacteria,0,0,0,0,0,0,0,0,2
253,RefSoil_885,NZ_CP007557.1,1333848,Bacteria,Proteobacteria,Gammaproteobacteria,Enterobacteriales,Enterobacteriaceae,Citrobacter,Citrobacter freundii,Citrobacter freundii CFNIH1,1333848.8999999999,814442,Proteobacteria,0,0,6,293,0,0,0,0,0
254,RefSoil_888,NZ_CP007597.1,216778,Bacteria,Proteobacteria,Gammaproteobacteria,Xanthomonadales,Xanthomonadaceae,Stenotrophomonas,,Stenotrophomonas rhizophila,216778.15,New.59.CleanUp.ReferenceOTU1677754,Proteobacteria,0,0,0,2,0,0,0,0,0
255,RefSoil_893,NZ_CP007627.1,96345,Bacteria,Bacteroidetes,Flavobacteriia,Flavobacteriales,Flavobacteriaceae,Flavobacterium,,Flavobacterium psychrophilum,96345.74,4400098,Bacteroidetes,0,0,0,0,0,0,0,0,2
256,RefSoil_901,NZ_CP007739.1,796606,Bacteria,Firmicutes,Bacilli,Bacillales,Bacillaceae,Bacillus,Bacillus methanolicus,Bacillus methanolicus MGA3,796606.7,919466,Firmicutes,0,0,77,4,0,151,0,0,0
257,RefSoil_903,"NZ_CP007783.1,NZ_CP007784.1,NZ_CP007782.1",95486,Bacteria,Proteobacteria,Betaproteobacteria,Burkholderiales,Burkholderiaceae,Burkholderia,,Burkholderia cenocepacia,"95486.82,95486.83,95486.84",New.59.CleanUp.ReferenceOTU288665,Proteobacteria,0,0,0,7,0,0,0,0,0
258,RefSoil_905,"NZ_CP007789.1,NZ_CP007788.1",520465,Bacteria,Proteobacteria,Alphaproteobacteria,Rhizobiales,Brucellaceae,Brucella,Brucella melitensis,Brucella melitensis bv. 2 str. 63/9,"520465.1,520465.9",New.59.CleanUp.ReferenceOTU1527812,Proteobacteria,0,0,0,4,0,0,0,0,0
259,RefSoil_916,NZ_CP008852.1,484770,Bacteria,Firmicutes,Negativicutes,Selenomonadales,Veillonellaceae,Pelosinus,,Pelosinus sp. UFO1,484770.6,New.5.CleanUp.ReferenceOTU396491,Firmicutes,0,561,0,0,50,10,0,0,0
260,RefSoil_917,NZ_CP008884.1,1217721,Bacteria,Proteobacteria,Gammaproteobacteria,Xanthomonadales,Rhodanobacteraceae,Dyella,Dyella japonica,Dyella japonica A8,1217721.8999999999,New.5.CleanUp.ReferenceOTU55286,Proteobacteria,4,0,0,150,3,0,2,0,0
261,RefSoil_919,NZ_CP008920.1,588,Bacteria,Proteobacteria,Gammaproteobacteria,Enterobacteriales,Enterobacteriaceae,Providencia,,Providencia stuartii,588.15,New.42.CleanUp.ReferenceOTU382938,Proteobacteria,0,0,0,0,0,0,33,0,61
262,RefSoil_921,NZ_CP008926.1,1314,Bacteria,Firmicutes,Bacilli,Lactobacillales,Streptococcaceae,Streptococcus,,Streptococcus pyogenes,1314.2149999999999,287813,Firmicutes,4,0,0,0,0,0,20,0,34
263,RefSoil_924,"NZ_HF545616.1,NZ_HF545617.1",1160721,Bacteria,Firmicutes,Clostridia,Clostridiales,Ruminococcaceae,Ruminococcus,,Ruminococcus bicirculans,"1160721.14,1160721.15",New.9.CleanUp.ReferenceOTU43792,Firmicutes,0,2,0,0,0,0,1,0,0
264,RefSoil_926,NZ_HG916852.1,348824,Bacteria,Proteobacteria,Alphaproteobacteria,Rhizobiales,Rhizobiaceae,Rhizobium,,Rhizobium sp. LPU83,348824.8,142346,Proteobacteria,0,0,0,5,0,0,0,0,0
